{"cameraMode":{"drawMode":0,"name":"Shaded","section":"Shading Mode"},"sceneLighting":true,"audioPlay":false,"sceneViewState":{"m_AlwaysRefresh":false,"showFog":true,"showSkybox":true,"showFlares":true,"showImageEffects":true,"showParticleSystems":true,"showVisualEffectGraphs":true,"m_FxEnabled":true},"in2DMode":false,"pivot":{"x":-0.03584855794906616,"y":2.067162036895752,"z":-0.7515320777893066},"rotation":{"x":-0.07074903696775437,"y":-0.00987409707158804,"z":0.0007289046770893037,"w":-0.997465193271637},"size":5.77537727355957,"orthographic":false}